Subject,CGAM_BL_to_MID18,CGAM_MID18_to_MID24,CGAM_MID24_to_POST18
SS10,-34.96265575365867,5.096438870515555,72.40188331960292
